schema_context,column,check,check_number,failure_case,index
Column,trade_date,less_than_or_equal_to(2025-09-19 00:00:00),0,2025-09-20,1484
Column,trade_date,less_than_or_equal_to(2025-09-19 00:00:00),0,2025-10-02,1769
Column,trade_date,less_than_or_equal_to(2025-09-19 00:00:00),0,2025-10-03,1795
Column,trade_date,less_than_or_equal_to(2025-09-19 00:00:00),0,2025-10-03,1794
Column,trade_date,less_than_or_equal_to(2025-09-19 00:00:00),0,2025-10-03,1793
Column,trade_date,less_than_or_equal_to(2025-09-19 00:00:00),0,2025-10-03,1792
Column,trade_date,less_than_or_equal_to(2025-09-19 00:00:00),0,2025-10-03,1791
Column,trade_date,less_than_or_equal_to(2025-09-19 00:00:00),0,2025-10-03,1790
Column,trade_date,less_than_or_equal_to(2025-09-19 00:00:00),0,2025-10-03,1789
Column,trade_date,less_than_or_equal_to(2025-09-19 00:00:00),0,2025-10-03,1788
Column,trade_date,less_than_or_equal_to(2025-09-19 00:00:00),0,2025-10-03,1787
Column,trade_date,less_than_or_equal_to(2025-09-19 00:00:00),0,2025-10-03,1786
Column,trade_date,less_than_or_equal_to(2025-09-19 00:00:00),0,2025-10-03,1785
Column,trade_date,less_than_or_equal_to(2025-09-19 00:00:00),0,2025-10-03,1784
Column,trade_date,less_than_or_equal_to(2025-09-19 00:00:00),0,2025-10-03,1783
Column,trade_date,less_than_or_equal_to(2025-09-19 00:00:00),0,2025-10-03,1782
Column,trade_date,less_than_or_equal_to(2025-09-19 00:00:00),0,2025-10-03,1781
Column,trade_date,less_than_or_equal_to(2025-09-19 00:00:00),0,2025-10-03,1780
Column,trade_date,less_than_or_equal_to(2025-09-19 00:00:00),0,2025-10-03,1779
Column,trade_date,less_than_or_equal_to(2025-09-19 00:00:00),0,2025-10-02,1778
Column,trade_date,less_than_or_equal_to(2025-09-19 00:00:00),0,2025-10-02,1777
Column,trade_date,less_than_or_equal_to(2025-09-19 00:00:00),0,2025-10-02,1776
Column,trade_date,less_than_or_equal_to(2025-09-19 00:00:00),0,2025-10-02,1775
Column,trade_date,less_than_or_equal_to(2025-09-19 00:00:00),0,2025-10-02,1774
Column,trade_date,less_than_or_equal_to(2025-09-19 00:00:00),0,2025-10-02,1773
Column,trade_date,less_than_or_equal_to(2025-09-19 00:00:00),0,2025-10-02,1772
Column,trade_date,less_than_or_equal_to(2025-09-19 00:00:00),0,2025-10-02,1771
Column,trade_date,less_than_or_equal_to(2025-09-19 00:00:00),0,2025-10-03,1796
Column,trade_date,less_than_or_equal_to(2025-09-19 00:00:00),0,2025-10-03,1797
Column,trade_date,less_than_or_equal_to(2025-09-19 00:00:00),0,2025-10-03,1798
Column,trade_date,less_than_or_equal_to(2025-09-19 00:00:00),0,2025-10-04,1812
Column,trade_date,less_than_or_equal_to(2025-09-19 00:00:00),0,2025-10-04,1823
Column,trade_date,less_than_or_equal_to(2025-09-19 00:00:00),0,2025-10-04,1822
Column,trade_date,less_than_or_equal_to(2025-09-19 00:00:00),0,2025-10-04,1821
Column,trade_date,less_than_or_equal_to(2025-09-19 00:00:00),0,2025-10-04,1820
Column,trade_date,less_than_or_equal_to(2025-09-19 00:00:00),0,2025-10-04,1819
Column,trade_date,less_than_or_equal_to(2025-09-19 00:00:00),0,2025-10-04,1818
Column,trade_date,less_than_or_equal_to(2025-09-19 00:00:00),0,2025-10-04,1817
Column,trade_date,less_than_or_equal_to(2025-09-19 00:00:00),0,2025-10-04,1816
Column,trade_date,less_than_or_equal_to(2025-09-19 00:00:00),0,2025-10-04,1815
Column,trade_date,less_than_or_equal_to(2025-09-19 00:00:00),0,2025-10-04,1814
Column,trade_date,less_than_or_equal_to(2025-09-19 00:00:00),0,2025-10-04,1813
Column,trade_date,less_than_or_equal_to(2025-09-19 00:00:00),0,2025-10-04,1811
Column,trade_date,less_than_or_equal_to(2025-09-19 00:00:00),0,2025-10-03,1799
Column,trade_date,less_than_or_equal_to(2025-09-19 00:00:00),0,2025-10-04,1810
Column,trade_date,less_than_or_equal_to(2025-09-19 00:00:00),0,2025-10-04,1809
Column,trade_date,less_than_or_equal_to(2025-09-19 00:00:00),0,2025-10-04,1808
Column,trade_date,less_than_or_equal_to(2025-09-19 00:00:00),0,2025-10-04,1807
Column,trade_date,less_than_or_equal_to(2025-09-19 00:00:00),0,2025-10-04,1806
Column,trade_date,less_than_or_equal_to(2025-09-19 00:00:00),0,2025-10-04,1805
Column,trade_date,less_than_or_equal_to(2025-09-19 00:00:00),0,2025-10-04,1804
Column,trade_date,less_than_or_equal_to(2025-09-19 00:00:00),0,2025-10-04,1803
Column,trade_date,less_than_or_equal_to(2025-09-19 00:00:00),0,2025-10-04,1802
Column,trade_date,less_than_or_equal_to(2025-09-19 00:00:00),0,2025-10-04,1801
Column,trade_date,less_than_or_equal_to(2025-09-19 00:00:00),0,2025-10-03,1800
Column,trade_date,less_than_or_equal_to(2025-09-19 00:00:00),0,2025-10-02,1770
Column,trade_date,less_than_or_equal_to(2025-09-19 00:00:00),0,2025-10-02,1768
Column,trade_date,less_than_or_equal_to(2025-09-19 00:00:00),0,2025-10-04,1825
Column,trade_date,less_than_or_equal_to(2025-09-19 00:00:00),0,2025-10-02,1767
Column,trade_date,less_than_or_equal_to(2025-09-19 00:00:00),0,2025-10-01,1738
Column,trade_date,less_than_or_equal_to(2025-09-19 00:00:00),0,2025-10-01,1737
Column,trade_date,less_than_or_equal_to(2025-09-19 00:00:00),0,2025-10-01,1736
Column,trade_date,less_than_or_equal_to(2025-09-19 00:00:00),0,2025-09-30,1735
Column,trade_date,less_than_or_equal_to(2025-09-19 00:00:00),0,2025-09-30,1734
Column,trade_date,less_than_or_equal_to(2025-09-19 00:00:00),0,2025-09-30,1733
Column,trade_date,less_than_or_equal_to(2025-09-19 00:00:00),0,2025-09-30,1732
Column,trade_date,less_than_or_equal_to(2025-09-19 00:00:00),0,2025-09-30,1731
Column,trade_date,less_than_or_equal_to(2025-09-19 00:00:00),0,2025-09-30,1730
Column,trade_date,less_than_or_equal_to(2025-09-19 00:00:00),0,2025-09-30,1729
Column,trade_date,less_than_or_equal_to(2025-09-19 00:00:00),0,2025-09-30,1728
Column,trade_date,less_than_or_equal_to(2025-09-19 00:00:00),0,2025-09-30,1727
Column,trade_date,less_than_or_equal_to(2025-09-19 00:00:00),0,2025-09-30,1726
Column,trade_date,less_than_or_equal_to(2025-09-19 00:00:00),0,2025-09-30,1725
Column,trade_date,less_than_or_equal_to(2025-09-19 00:00:00),0,2025-09-30,1724
Column,trade_date,less_than_or_equal_to(2025-09-19 00:00:00),0,2025-09-30,1723
Column,trade_date,less_than_or_equal_to(2025-09-19 00:00:00),0,2025-09-30,1722
Column,trade_date,less_than_or_equal_to(2025-09-19 00:00:00),0,2025-09-30,1721
Column,trade_date,less_than_or_equal_to(2025-09-19 00:00:00),0,2025-09-30,1720
Column,trade_date,less_than_or_equal_to(2025-09-19 00:00:00),0,2025-09-30,1719
Column,trade_date,less_than_or_equal_to(2025-09-19 00:00:00),0,2025-09-30,1718
Column,trade_date,less_than_or_equal_to(2025-09-19 00:00:00),0,2025-09-30,1717
Column,trade_date,less_than_or_equal_to(2025-09-19 00:00:00),0,2025-09-30,1716
Column,trade_date,less_than_or_equal_to(2025-09-19 00:00:00),0,2025-09-29,1715
Column,trade_date,less_than_or_equal_to(2025-09-19 00:00:00),0,2025-09-29,1714
Column,trade_date,less_than_or_equal_to(2025-09-19 00:00:00),0,2025-10-01,1739
Column,trade_date,less_than_or_equal_to(2025-09-19 00:00:00),0,2025-10-01,1740
Column,trade_date,less_than_or_equal_to(2025-09-19 00:00:00),0,2025-10-01,1741
Column,trade_date,less_than_or_equal_to(2025-09-19 00:00:00),0,2025-10-01,1755
Column,trade_date,less_than_or_equal_to(2025-09-19 00:00:00),0,2025-10-02,1766
Column,trade_date,less_than_or_equal_to(2025-09-19 00:00:00),0,2025-10-02,1765
Column,trade_date,less_than_or_equal_to(2025-09-19 00:00:00),0,2025-10-02,1764
Column,trade_date,less_than_or_equal_to(2025-09-19 00:00:00),0,2025-10-02,1763
Column,trade_date,less_than_or_equal_to(2025-09-19 00:00:00),0,2025-10-02,1762
Column,trade_date,less_than_or_equal_to(2025-09-19 00:00:00),0,2025-10-02,1761
Column,trade_date,less_than_or_equal_to(2025-09-19 00:00:00),0,2025-10-02,1760
Column,trade_date,less_than_or_equal_to(2025-09-19 00:00:00),0,2025-10-02,1759
Column,trade_date,less_than_or_equal_to(2025-09-19 00:00:00),0,2025-10-01,1758
Column,trade_date,less_than_or_equal_to(2025-09-19 00:00:00),0,2025-10-01,1757
Column,trade_date,less_than_or_equal_to(2025-09-19 00:00:00),0,2025-10-01,1756
Column,trade_date,less_than_or_equal_to(2025-09-19 00:00:00),0,2025-10-01,1754
Column,trade_date,less_than_or_equal_to(2025-09-19 00:00:00),0,2025-10-01,1742
Column,trade_date,less_than_or_equal_to(2025-09-19 00:00:00),0,2025-10-01,1753
Column,trade_date,less_than_or_equal_to(2025-09-19 00:00:00),0,2025-10-01,1752
Column,trade_date,less_than_or_equal_to(2025-09-19 00:00:00),0,2025-10-01,1751
Column,trade_date,less_than_or_equal_to(2025-09-19 00:00:00),0,2025-10-01,1750
Column,trade_date,less_than_or_equal_to(2025-09-19 00:00:00),0,2025-10-01,1749
Column,trade_date,less_than_or_equal_to(2025-09-19 00:00:00),0,2025-10-01,1748
Column,trade_date,less_than_or_equal_to(2025-09-19 00:00:00),0,2025-10-01,1747
Column,trade_date,less_than_or_equal_to(2025-09-19 00:00:00),0,2025-10-01,1746
Column,trade_date,less_than_or_equal_to(2025-09-19 00:00:00),0,2025-10-01,1745
Column,trade_date,less_than_or_equal_to(2025-09-19 00:00:00),0,2025-10-01,1744
Column,trade_date,less_than_or_equal_to(2025-09-19 00:00:00),0,2025-10-01,1743
Column,trade_date,less_than_or_equal_to(2025-09-19 00:00:00),0,2025-10-04,1824
Column,trade_date,less_than_or_equal_to(2025-09-19 00:00:00),0,2025-10-05,1826
Column,trade_date,less_than_or_equal_to(2025-09-19 00:00:00),0,2025-09-29,1712
Column,trade_date,less_than_or_equal_to(2025-09-19 00:00:00),0,2025-10-07,1883
Column,trade_date,less_than_or_equal_to(2025-09-19 00:00:00),0,2025-10-08,1909
Column,trade_date,less_than_or_equal_to(2025-09-19 00:00:00),0,2025-10-08,1908
Column,trade_date,less_than_or_equal_to(2025-09-19 00:00:00),0,2025-10-08,1907
Column,trade_date,less_than_or_equal_to(2025-09-19 00:00:00),0,2025-10-08,1906
Column,trade_date,less_than_or_equal_to(2025-09-19 00:00:00),0,2025-10-08,1905
Column,trade_date,less_than_or_equal_to(2025-09-19 00:00:00),0,2025-10-08,1904
Column,trade_date,less_than_or_equal_to(2025-09-19 00:00:00),0,2025-10-08,1903
Column,trade_date,less_than_or_equal_to(2025-09-19 00:00:00),0,2025-10-08,1902
Column,trade_date,less_than_or_equal_to(2025-09-19 00:00:00),0,2025-10-08,1901
Column,trade_date,less_than_or_equal_to(2025-09-19 00:00:00),0,2025-10-08,1900
Column,trade_date,less_than_or_equal_to(2025-09-19 00:00:00),0,2025-10-08,1899
Column,trade_date,less_than_or_equal_to(2025-09-19 00:00:00),0,2025-10-08,1898
Column,trade_date,less_than_or_equal_to(2025-09-19 00:00:00),0,2025-10-08,1897
Column,trade_date,less_than_or_equal_to(2025-09-19 00:00:00),0,2025-10-08,1896
Column,trade_date,less_than_or_equal_to(2025-09-19 00:00:00),0,2025-10-08,1895
Column,trade_date,less_than_or_equal_to(2025-09-19 00:00:00),0,2025-10-08,1894
Column,trade_date,less_than_or_equal_to(2025-09-19 00:00:00),0,2025-10-07,1893
Column,trade_date,less_than_or_equal_to(2025-09-19 00:00:00),0,2025-10-07,1892
Column,trade_date,less_than_or_equal_to(2025-09-19 00:00:00),0,2025-10-07,1891
Column,trade_date,less_than_or_equal_to(2025-09-19 00:00:00),0,2025-10-07,1890
Column,trade_date,less_than_or_equal_to(2025-09-19 00:00:00),0,2025-10-07,1889
Column,trade_date,less_than_or_equal_to(2025-09-19 00:00:00),0,2025-10-07,1888
Column,trade_date,less_than_or_equal_to(2025-09-19 00:00:00),0,2025-10-07,1887
Column,trade_date,less_than_or_equal_to(2025-09-19 00:00:00),0,2025-10-07,1886
Column,trade_date,less_than_or_equal_to(2025-09-19 00:00:00),0,2025-10-07,1885
Column,trade_date,less_than_or_equal_to(2025-09-19 00:00:00),0,2025-10-08,1910
Column,trade_date,less_than_or_equal_to(2025-09-19 00:00:00),0,2025-10-08,1911
Column,trade_date,less_than_or_equal_to(2025-09-19 00:00:00),0,2025-10-08,1912
Column,trade_date,less_than_or_equal_to(2025-09-19 00:00:00),0,2025-10-09,1926
Column,trade_date,less_than_or_equal_to(2025-09-19 00:00:00),0,2025-10-09,1937
Column,trade_date,less_than_or_equal_to(2025-09-19 00:00:00),0,2025-10-09,1936
Column,trade_date,less_than_or_equal_to(2025-09-19 00:00:00),0,2025-10-09,1935
Column,trade_date,less_than_or_equal_to(2025-09-19 00:00:00),0,2025-10-09,1934
Column,trade_date,less_than_or_equal_to(2025-09-19 00:00:00),0,2025-10-09,1933
Column,trade_date,less_than_or_equal_to(2025-09-19 00:00:00),0,2025-10-09,1932
Column,trade_date,less_than_or_equal_to(2025-09-19 00:00:00),0,2025-10-09,1931
Column,trade_date,less_than_or_equal_to(2025-09-19 00:00:00),0,2025-10-09,1930
Column,trade_date,less_than_or_equal_to(2025-09-19 00:00:00),0,2025-10-09,1929
Column,trade_date,less_than_or_equal_to(2025-09-19 00:00:00),0,2025-10-09,1928
Column,trade_date,less_than_or_equal_to(2025-09-19 00:00:00),0,2025-10-09,1927
Column,trade_date,less_than_or_equal_to(2025-09-19 00:00:00),0,2025-10-09,1925
Column,trade_date,less_than_or_equal_to(2025-09-19 00:00:00),0,2025-10-08,1913
Column,trade_date,less_than_or_equal_to(2025-09-19 00:00:00),0,2025-10-09,1924
Column,trade_date,less_than_or_equal_to(2025-09-19 00:00:00),0,2025-10-09,1923
Column,trade_date,less_than_or_equal_to(2025-09-19 00:00:00),0,2025-10-09,1922
Column,trade_date,less_than_or_equal_to(2025-09-19 00:00:00),0,2025-10-09,1921
Column,trade_date,less_than_or_equal_to(2025-09-19 00:00:00),0,2025-10-09,1920
Column,trade_date,less_than_or_equal_to(2025-09-19 00:00:00),0,2025-10-09,1919
Column,trade_date,less_than_or_equal_to(2025-09-19 00:00:00),0,2025-10-09,1918
Column,trade_date,less_than_or_equal_to(2025-09-19 00:00:00),0,2025-10-09,1917
Column,trade_date,less_than_or_equal_to(2025-09-19 00:00:00),0,2025-10-09,1916
Column,trade_date,less_than_or_equal_to(2025-09-19 00:00:00),0,2025-10-08,1915
Column,trade_date,less_than_or_equal_to(2025-09-19 00:00:00),0,2025-10-08,1914
Column,trade_date,less_than_or_equal_to(2025-09-19 00:00:00),0,2025-10-07,1884
Column,trade_date,less_than_or_equal_to(2025-09-19 00:00:00),0,2025-10-07,1882
Column,trade_date,less_than_or_equal_to(2025-09-19 00:00:00),0,2025-10-05,1827
Column,trade_date,less_than_or_equal_to(2025-09-19 00:00:00),0,2025-10-07,1881
Column,trade_date,less_than_or_equal_to(2025-09-19 00:00:00),0,2025-10-06,1852
Column,trade_date,less_than_or_equal_to(2025-09-19 00:00:00),0,2025-10-06,1851
Column,trade_date,less_than_or_equal_to(2025-09-19 00:00:00),0,2025-10-06,1850
Column,trade_date,less_than_or_equal_to(2025-09-19 00:00:00),0,2025-10-06,1849
Column,trade_date,less_than_or_equal_to(2025-09-19 00:00:00),0,2025-10-06,1848
Column,trade_date,less_than_or_equal_to(2025-09-19 00:00:00),0,2025-10-05,1847
Column,trade_date,less_than_or_equal_to(2025-09-19 00:00:00),0,2025-10-05,1846
Column,trade_date,less_than_or_equal_to(2025-09-19 00:00:00),0,2025-10-05,1845
Column,trade_date,less_than_or_equal_to(2025-09-19 00:00:00),0,2025-10-05,1844
Column,trade_date,less_than_or_equal_to(2025-09-19 00:00:00),0,2025-10-05,1843
Column,trade_date,less_than_or_equal_to(2025-09-19 00:00:00),0,2025-10-05,1842
Column,trade_date,less_than_or_equal_to(2025-09-19 00:00:00),0,2025-10-05,1841
Column,trade_date,less_than_or_equal_to(2025-09-19 00:00:00),0,2025-10-05,1840
Column,trade_date,less_than_or_equal_to(2025-09-19 00:00:00),0,2025-10-05,1839
Column,trade_date,less_than_or_equal_to(2025-09-19 00:00:00),0,2025-10-05,1838
Column,trade_date,less_than_or_equal_to(2025-09-19 00:00:00),0,2025-10-05,1837
Column,trade_date,less_than_or_equal_to(2025-09-19 00:00:00),0,2025-10-05,1836
Column,trade_date,less_than_or_equal_to(2025-09-19 00:00:00),0,2025-10-05,1835
Column,trade_date,less_than_or_equal_to(2025-09-19 00:00:00),0,2025-10-05,1834
Column,trade_date,less_than_or_equal_to(2025-09-19 00:00:00),0,2025-10-05,1833
Column,trade_date,less_than_or_equal_to(2025-09-19 00:00:00),0,2025-10-05,1832
Column,trade_date,less_than_or_equal_to(2025-09-19 00:00:00),0,2025-10-05,1831
Column,trade_date,less_than_or_equal_to(2025-09-19 00:00:00),0,2025-10-05,1830
Column,trade_date,less_than_or_equal_to(2025-09-19 00:00:00),0,2025-10-05,1829
Column,trade_date,less_than_or_equal_to(2025-09-19 00:00:00),0,2025-10-05,1828
Column,trade_date,less_than_or_equal_to(2025-09-19 00:00:00),0,2025-10-06,1853
Column,trade_date,less_than_or_equal_to(2025-09-19 00:00:00),0,2025-10-06,1854
Column,trade_date,less_than_or_equal_to(2025-09-19 00:00:00),0,2025-10-06,1855
Column,trade_date,less_than_or_equal_to(2025-09-19 00:00:00),0,2025-10-06,1869
Column,trade_date,less_than_or_equal_to(2025-09-19 00:00:00),0,2025-10-07,1880
Column,trade_date,less_than_or_equal_to(2025-09-19 00:00:00),0,2025-10-07,1879
Column,trade_date,less_than_or_equal_to(2025-09-19 00:00:00),0,2025-10-07,1878
Column,trade_date,less_than_or_equal_to(2025-09-19 00:00:00),0,2025-10-07,1877
Column,trade_date,less_than_or_equal_to(2025-09-19 00:00:00),0,2025-10-07,1876
Column,trade_date,less_than_or_equal_to(2025-09-19 00:00:00),0,2025-10-07,1875
Column,trade_date,less_than_or_equal_to(2025-09-19 00:00:00),0,2025-10-07,1874
Column,trade_date,less_than_or_equal_to(2025-09-19 00:00:00),0,2025-10-07,1873
Column,trade_date,less_than_or_equal_to(2025-09-19 00:00:00),0,2025-10-06,1872
Column,trade_date,less_than_or_equal_to(2025-09-19 00:00:00),0,2025-10-06,1871
Column,trade_date,less_than_or_equal_to(2025-09-19 00:00:00),0,2025-10-06,1870
Column,trade_date,less_than_or_equal_to(2025-09-19 00:00:00),0,2025-10-06,1868
Column,trade_date,less_than_or_equal_to(2025-09-19 00:00:00),0,2025-10-06,1856
Column,trade_date,less_than_or_equal_to(2025-09-19 00:00:00),0,2025-10-06,1867
Column,trade_date,less_than_or_equal_to(2025-09-19 00:00:00),0,2025-10-06,1866
Column,trade_date,less_than_or_equal_to(2025-09-19 00:00:00),0,2025-10-06,1865
Column,trade_date,less_than_or_equal_to(2025-09-19 00:00:00),0,2025-10-06,1864
Column,trade_date,less_than_or_equal_to(2025-09-19 00:00:00),0,2025-10-06,1863
Column,trade_date,less_than_or_equal_to(2025-09-19 00:00:00),0,2025-10-06,1862
Column,trade_date,less_than_or_equal_to(2025-09-19 00:00:00),0,2025-10-06,1861
Column,trade_date,less_than_or_equal_to(2025-09-19 00:00:00),0,2025-10-06,1860
Column,trade_date,less_than_or_equal_to(2025-09-19 00:00:00),0,2025-10-06,1859
Column,trade_date,less_than_or_equal_to(2025-09-19 00:00:00),0,2025-10-06,1858
Column,trade_date,less_than_or_equal_to(2025-09-19 00:00:00),0,2025-10-06,1857
Column,trade_date,less_than_or_equal_to(2025-09-19 00:00:00),0,2025-09-29,1713
Column,trade_date,less_than_or_equal_to(2025-09-19 00:00:00),0,2025-09-29,1711
Column,trade_date,less_than_or_equal_to(2025-09-19 00:00:00),0,2025-09-20,1485
Column,trade_date,less_than_or_equal_to(2025-09-19 00:00:00),0,2025-09-22,1541
Column,trade_date,less_than_or_equal_to(2025-09-19 00:00:00),0,2025-09-23,1567
Column,trade_date,less_than_or_equal_to(2025-09-19 00:00:00),0,2025-09-23,1566
Column,trade_date,less_than_or_equal_to(2025-09-19 00:00:00),0,2025-09-23,1565
Column,trade_date,less_than_or_equal_to(2025-09-19 00:00:00),0,2025-09-23,1564
Column,trade_date,less_than_or_equal_to(2025-09-19 00:00:00),0,2025-09-23,1563
Column,trade_date,less_than_or_equal_to(2025-09-19 00:00:00),0,2025-09-23,1562
Column,trade_date,less_than_or_equal_to(2025-09-19 00:00:00),0,2025-09-23,1561
Column,trade_date,less_than_or_equal_to(2025-09-19 00:00:00),0,2025-09-23,1560
Column,trade_date,less_than_or_equal_to(2025-09-19 00:00:00),0,2025-09-23,1559
Column,trade_date,less_than_or_equal_to(2025-09-19 00:00:00),0,2025-09-23,1558
Column,trade_date,less_than_or_equal_to(2025-09-19 00:00:00),0,2025-09-23,1557
Column,trade_date,less_than_or_equal_to(2025-09-19 00:00:00),0,2025-09-23,1556
Column,trade_date,less_than_or_equal_to(2025-09-19 00:00:00),0,2025-09-23,1555
Column,trade_date,less_than_or_equal_to(2025-09-19 00:00:00),0,2025-09-23,1554
Column,trade_date,less_than_or_equal_to(2025-09-19 00:00:00),0,2025-09-22,1553
Column,trade_date,less_than_or_equal_to(2025-09-19 00:00:00),0,2025-09-22,1552
Column,trade_date,less_than_or_equal_to(2025-09-19 00:00:00),0,2025-09-22,1551
Column,trade_date,less_than_or_equal_to(2025-09-19 00:00:00),0,2025-09-22,1550
Column,trade_date,less_than_or_equal_to(2025-09-19 00:00:00),0,2025-09-22,1549
Column,trade_date,less_than_or_equal_to(2025-09-19 00:00:00),0,2025-09-22,1548
Column,trade_date,less_than_or_equal_to(2025-09-19 00:00:00),0,2025-09-22,1547
Column,trade_date,less_than_or_equal_to(2025-09-19 00:00:00),0,2025-09-22,1546
Column,trade_date,less_than_or_equal_to(2025-09-19 00:00:00),0,2025-09-22,1545
Column,trade_date,less_than_or_equal_to(2025-09-19 00:00:00),0,2025-09-22,1544
Column,trade_date,less_than_or_equal_to(2025-09-19 00:00:00),0,2025-09-22,1543
Column,trade_date,less_than_or_equal_to(2025-09-19 00:00:00),0,2025-09-23,1568
Column,trade_date,less_than_or_equal_to(2025-09-19 00:00:00),0,2025-09-23,1569
Column,trade_date,less_than_or_equal_to(2025-09-19 00:00:00),0,2025-09-23,1570
Column,trade_date,less_than_or_equal_to(2025-09-19 00:00:00),0,2025-09-24,1584
Column,trade_date,less_than_or_equal_to(2025-09-19 00:00:00),0,2025-09-24,1595
Column,trade_date,less_than_or_equal_to(2025-09-19 00:00:00),0,2025-09-24,1594
Column,trade_date,less_than_or_equal_to(2025-09-19 00:00:00),0,2025-09-24,1593
Column,trade_date,less_than_or_equal_to(2025-09-19 00:00:00),0,2025-09-24,1592
Column,trade_date,less_than_or_equal_to(2025-09-19 00:00:00),0,2025-09-24,1591
Column,trade_date,less_than_or_equal_to(2025-09-19 00:00:00),0,2025-09-24,1590
Column,trade_date,less_than_or_equal_to(2025-09-19 00:00:00),0,2025-09-24,1589
Column,trade_date,less_than_or_equal_to(2025-09-19 00:00:00),0,2025-09-24,1588
Column,trade_date,less_than_or_equal_to(2025-09-19 00:00:00),0,2025-09-24,1587
Column,trade_date,less_than_or_equal_to(2025-09-19 00:00:00),0,2025-09-24,1586
Column,trade_date,less_than_or_equal_to(2025-09-19 00:00:00),0,2025-09-24,1585
Column,trade_date,less_than_or_equal_to(2025-09-19 00:00:00),0,2025-09-24,1583
Column,trade_date,less_than_or_equal_to(2025-09-19 00:00:00),0,2025-09-23,1571
Column,trade_date,less_than_or_equal_to(2025-09-19 00:00:00),0,2025-09-24,1582
Column,trade_date,less_than_or_equal_to(2025-09-19 00:00:00),0,2025-09-24,1581
Column,trade_date,less_than_or_equal_to(2025-09-19 00:00:00),0,2025-09-24,1580
Column,trade_date,less_than_or_equal_to(2025-09-19 00:00:00),0,2025-09-24,1579
Column,trade_date,less_than_or_equal_to(2025-09-19 00:00:00),0,2025-09-24,1578
Column,trade_date,less_than_or_equal_to(2025-09-19 00:00:00),0,2025-09-23,1577
Column,trade_date,less_than_or_equal_to(2025-09-19 00:00:00),0,2025-09-23,1576
Column,trade_date,less_than_or_equal_to(2025-09-19 00:00:00),0,2025-09-23,1575
Column,trade_date,less_than_or_equal_to(2025-09-19 00:00:00),0,2025-09-23,1574
Column,trade_date,less_than_or_equal_to(2025-09-19 00:00:00),0,2025-09-23,1573
Column,trade_date,less_than_or_equal_to(2025-09-19 00:00:00),0,2025-09-23,1572
Column,trade_date,less_than_or_equal_to(2025-09-19 00:00:00),0,2025-09-22,1542
Column,trade_date,less_than_or_equal_to(2025-09-19 00:00:00),0,2025-09-22,1540
Column,trade_date,less_than_or_equal_to(2025-09-19 00:00:00),0,2025-09-24,1597
Column,trade_date,less_than_or_equal_to(2025-09-19 00:00:00),0,2025-09-22,1539
Column,trade_date,less_than_or_equal_to(2025-09-19 00:00:00),0,2025-09-21,1510
Column,trade_date,less_than_or_equal_to(2025-09-19 00:00:00),0,2025-09-20,1509
Column,trade_date,less_than_or_equal_to(2025-09-19 00:00:00),0,2025-09-20,1508
Column,trade_date,less_than_or_equal_to(2025-09-19 00:00:00),0,2025-09-20,1507
Column,trade_date,less_than_or_equal_to(2025-09-19 00:00:00),0,2025-09-20,1506
Column,trade_date,less_than_or_equal_to(2025-09-19 00:00:00),0,2025-09-20,1505
Column,trade_date,less_than_or_equal_to(2025-09-19 00:00:00),0,2025-09-20,1504
Column,trade_date,less_than_or_equal_to(2025-09-19 00:00:00),0,2025-09-20,1503
Column,trade_date,less_than_or_equal_to(2025-09-19 00:00:00),0,2025-09-20,1502
Column,trade_date,less_than_or_equal_to(2025-09-19 00:00:00),0,2025-09-20,1501
Column,trade_date,less_than_or_equal_to(2025-09-19 00:00:00),0,2025-09-20,1500
Column,trade_date,less_than_or_equal_to(2025-09-19 00:00:00),0,2025-09-20,1499
Column,trade_date,less_than_or_equal_to(2025-09-19 00:00:00),0,2025-09-20,1498
Column,trade_date,less_than_or_equal_to(2025-09-19 00:00:00),0,2025-09-20,1497
Column,trade_date,less_than_or_equal_to(2025-09-19 00:00:00),0,2025-09-20,1496
Column,trade_date,less_than_or_equal_to(2025-09-19 00:00:00),0,2025-09-20,1495
Column,trade_date,less_than_or_equal_to(2025-09-19 00:00:00),0,2025-09-20,1494
Column,trade_date,less_than_or_equal_to(2025-09-19 00:00:00),0,2025-09-20,1493
Column,trade_date,less_than_or_equal_to(2025-09-19 00:00:00),0,2025-09-20,1492
Column,trade_date,less_than_or_equal_to(2025-09-19 00:00:00),0,2025-09-20,1491
Column,trade_date,less_than_or_equal_to(2025-09-19 00:00:00),0,2025-09-20,1490
Column,trade_date,less_than_or_equal_to(2025-09-19 00:00:00),0,2025-09-20,1489
Column,trade_date,less_than_or_equal_to(2025-09-19 00:00:00),0,2025-09-20,1488
Column,trade_date,less_than_or_equal_to(2025-09-19 00:00:00),0,2025-09-20,1487
Column,trade_date,less_than_or_equal_to(2025-09-19 00:00:00),0,2025-09-20,1486
Column,trade_date,less_than_or_equal_to(2025-09-19 00:00:00),0,2025-09-21,1511
Column,trade_date,less_than_or_equal_to(2025-09-19 00:00:00),0,2025-09-21,1512
Column,trade_date,less_than_or_equal_to(2025-09-19 00:00:00),0,2025-09-21,1513
Column,trade_date,less_than_or_equal_to(2025-09-19 00:00:00),0,2025-09-21,1527
Column,trade_date,less_than_or_equal_to(2025-09-19 00:00:00),0,2025-09-22,1538
Column,trade_date,less_than_or_equal_to(2025-09-19 00:00:00),0,2025-09-22,1537
Column,trade_date,less_than_or_equal_to(2025-09-19 00:00:00),0,2025-09-22,1536
Column,trade_date,less_than_or_equal_to(2025-09-19 00:00:00),0,2025-09-22,1535
Column,trade_date,less_than_or_equal_to(2025-09-19 00:00:00),0,2025-09-22,1534
Column,trade_date,less_than_or_equal_to(2025-09-19 00:00:00),0,2025-09-22,1533
Column,trade_date,less_than_or_equal_to(2025-09-19 00:00:00),0,2025-09-22,1532
Column,trade_date,less_than_or_equal_to(2025-09-19 00:00:00),0,2025-09-22,1531
Column,trade_date,less_than_or_equal_to(2025-09-19 00:00:00),0,2025-09-21,1530
Column,trade_date,less_than_or_equal_to(2025-09-19 00:00:00),0,2025-09-21,1529
Column,trade_date,less_than_or_equal_to(2025-09-19 00:00:00),0,2025-09-21,1528
Column,trade_date,less_than_or_equal_to(2025-09-19 00:00:00),0,2025-09-21,1526
Column,trade_date,less_than_or_equal_to(2025-09-19 00:00:00),0,2025-09-21,1514
Column,trade_date,less_than_or_equal_to(2025-09-19 00:00:00),0,2025-09-21,1525
Column,trade_date,less_than_or_equal_to(2025-09-19 00:00:00),0,2025-09-21,1524
Column,trade_date,less_than_or_equal_to(2025-09-19 00:00:00),0,2025-09-21,1523
Column,trade_date,less_than_or_equal_to(2025-09-19 00:00:00),0,2025-09-21,1522
Column,trade_date,less_than_or_equal_to(2025-09-19 00:00:00),0,2025-09-21,1521
Column,trade_date,less_than_or_equal_to(2025-09-19 00:00:00),0,2025-09-21,1520
Column,trade_date,less_than_or_equal_to(2025-09-19 00:00:00),0,2025-09-21,1519
Column,trade_date,less_than_or_equal_to(2025-09-19 00:00:00),0,2025-09-21,1518
Column,trade_date,less_than_or_equal_to(2025-09-19 00:00:00),0,2025-09-21,1517
Column,trade_date,less_than_or_equal_to(2025-09-19 00:00:00),0,2025-09-21,1516
Column,trade_date,less_than_or_equal_to(2025-09-19 00:00:00),0,2025-09-21,1515
Column,trade_date,less_than_or_equal_to(2025-09-19 00:00:00),0,2025-09-24,1596
Column,trade_date,less_than_or_equal_to(2025-09-19 00:00:00),0,2025-09-24,1598
Column,trade_date,less_than_or_equal_to(2025-09-19 00:00:00),0,2025-09-29,1710
Column,trade_date,less_than_or_equal_to(2025-09-19 00:00:00),0,2025-09-27,1655
Column,trade_date,less_than_or_equal_to(2025-09-19 00:00:00),0,2025-09-28,1681
Column,trade_date,less_than_or_equal_to(2025-09-19 00:00:00),0,2025-09-28,1680
Column,trade_date,less_than_or_equal_to(2025-09-19 00:00:00),0,2025-09-28,1679
Column,trade_date,less_than_or_equal_to(2025-09-19 00:00:00),0,2025-09-28,1678
Column,trade_date,less_than_or_equal_to(2025-09-19 00:00:00),0,2025-09-28,1677
Column,trade_date,less_than_or_equal_to(2025-09-19 00:00:00),0,2025-09-28,1676
Column,trade_date,less_than_or_equal_to(2025-09-19 00:00:00),0,2025-09-28,1675
Column,trade_date,less_than_or_equal_to(2025-09-19 00:00:00),0,2025-09-28,1674
Column,trade_date,less_than_or_equal_to(2025-09-19 00:00:00),0,2025-09-28,1673
Column,trade_date,less_than_or_equal_to(2025-09-19 00:00:00),0,2025-09-28,1672
Column,trade_date,less_than_or_equal_to(2025-09-19 00:00:00),0,2025-09-28,1671
Column,trade_date,less_than_or_equal_to(2025-09-19 00:00:00),0,2025-09-28,1670
Column,trade_date,less_than_or_equal_to(2025-09-19 00:00:00),0,2025-09-28,1669
Column,trade_date,less_than_or_equal_to(2025-09-19 00:00:00),0,2025-09-27,1668
Column,trade_date,less_than_or_equal_to(2025-09-19 00:00:00),0,2025-09-27,1667
Column,trade_date,less_than_or_equal_to(2025-09-19 00:00:00),0,2025-09-27,1666
Column,trade_date,less_than_or_equal_to(2025-09-19 00:00:00),0,2025-09-27,1665
Column,trade_date,less_than_or_equal_to(2025-09-19 00:00:00),0,2025-09-27,1664
Column,trade_date,less_than_or_equal_to(2025-09-19 00:00:00),0,2025-09-27,1663
Column,trade_date,less_than_or_equal_to(2025-09-19 00:00:00),0,2025-09-27,1662
Column,trade_date,less_than_or_equal_to(2025-09-19 00:00:00),0,2025-09-27,1661
Column,trade_date,less_than_or_equal_to(2025-09-19 00:00:00),0,2025-09-27,1660
Column,trade_date,less_than_or_equal_to(2025-09-19 00:00:00),0,2025-09-27,1659
Column,trade_date,less_than_or_equal_to(2025-09-19 00:00:00),0,2025-09-27,1658
Column,trade_date,less_than_or_equal_to(2025-09-19 00:00:00),0,2025-09-27,1657
Column,trade_date,less_than_or_equal_to(2025-09-19 00:00:00),0,2025-09-28,1682
Column,trade_date,less_than_or_equal_to(2025-09-19 00:00:00),0,2025-09-28,1683
Column,trade_date,less_than_or_equal_to(2025-09-19 00:00:00),0,2025-09-28,1684
Column,trade_date,less_than_or_equal_to(2025-09-19 00:00:00),0,2025-09-29,1698
Column,trade_date,less_than_or_equal_to(2025-09-19 00:00:00),0,2025-09-29,1709
Column,trade_date,less_than_or_equal_to(2025-09-19 00:00:00),0,2025-09-29,1708
Column,trade_date,less_than_or_equal_to(2025-09-19 00:00:00),0,2025-09-29,1707
Column,trade_date,less_than_or_equal_to(2025-09-19 00:00:00),0,2025-09-29,1706
Column,trade_date,less_than_or_equal_to(2025-09-19 00:00:00),0,2025-09-29,1705
Column,trade_date,less_than_or_equal_to(2025-09-19 00:00:00),0,2025-09-29,1704
Column,trade_date,less_than_or_equal_to(2025-09-19 00:00:00),0,2025-09-29,1703
Column,trade_date,less_than_or_equal_to(2025-09-19 00:00:00),0,2025-09-29,1702
Column,trade_date,less_than_or_equal_to(2025-09-19 00:00:00),0,2025-09-29,1701
Column,trade_date,less_than_or_equal_to(2025-09-19 00:00:00),0,2025-09-29,1700
Column,trade_date,less_than_or_equal_to(2025-09-19 00:00:00),0,2025-09-29,1699
Column,trade_date,less_than_or_equal_to(2025-09-19 00:00:00),0,2025-09-29,1697
Column,trade_date,less_than_or_equal_to(2025-09-19 00:00:00),0,2025-09-28,1685
Column,trade_date,less_than_or_equal_to(2025-09-19 00:00:00),0,2025-09-29,1696
Column,trade_date,less_than_or_equal_to(2025-09-19 00:00:00),0,2025-09-29,1695
Column,trade_date,less_than_or_equal_to(2025-09-19 00:00:00),0,2025-09-29,1694
Column,trade_date,less_than_or_equal_to(2025-09-19 00:00:00),0,2025-09-29,1693
Column,trade_date,less_than_or_equal_to(2025-09-19 00:00:00),0,2025-09-29,1692
Column,trade_date,less_than_or_equal_to(2025-09-19 00:00:00),0,2025-09-29,1691
Column,trade_date,less_than_or_equal_to(2025-09-19 00:00:00),0,2025-09-29,1690
Column,trade_date,less_than_or_equal_to(2025-09-19 00:00:00),0,2025-09-28,1689
Column,trade_date,less_than_or_equal_to(2025-09-19 00:00:00),0,2025-09-28,1688
Column,trade_date,less_than_or_equal_to(2025-09-19 00:00:00),0,2025-09-28,1687
Column,trade_date,less_than_or_equal_to(2025-09-19 00:00:00),0,2025-09-28,1686
Column,trade_date,less_than_or_equal_to(2025-09-19 00:00:00),0,2025-09-27,1656
Column,trade_date,less_than_or_equal_to(2025-09-19 00:00:00),0,2025-09-27,1654
Column,trade_date,less_than_or_equal_to(2025-09-19 00:00:00),0,2025-09-24,1599
Column,trade_date,less_than_or_equal_to(2025-09-19 00:00:00),0,2025-09-27,1653
Column,trade_date,less_than_or_equal_to(2025-09-19 00:00:00),0,2025-09-26,1624
Column,trade_date,less_than_or_equal_to(2025-09-19 00:00:00),0,2025-09-25,1623
Column,trade_date,less_than_or_equal_to(2025-09-19 00:00:00),0,2025-09-25,1622
Column,trade_date,less_than_or_equal_to(2025-09-19 00:00:00),0,2025-09-25,1621
Column,trade_date,less_than_or_equal_to(2025-09-19 00:00:00),0,2025-09-25,1620
Column,trade_date,less_than_or_equal_to(2025-09-19 00:00:00),0,2025-09-25,1619
Column,trade_date,less_than_or_equal_to(2025-09-19 00:00:00),0,2025-09-25,1618
Column,trade_date,less_than_or_equal_to(2025-09-19 00:00:00),0,2025-09-25,1617
Column,trade_date,less_than_or_equal_to(2025-09-19 00:00:00),0,2025-09-25,1616
Column,trade_date,less_than_or_equal_to(2025-09-19 00:00:00),0,2025-09-25,1615
Column,trade_date,less_than_or_equal_to(2025-09-19 00:00:00),0,2025-09-25,1614
Column,trade_date,less_than_or_equal_to(2025-09-19 00:00:00),0,2025-09-25,1613
Column,trade_date,less_than_or_equal_to(2025-09-19 00:00:00),0,2025-09-25,1612
Column,trade_date,less_than_or_equal_to(2025-09-19 00:00:00),0,2025-09-25,1611
Column,trade_date,less_than_or_equal_to(2025-09-19 00:00:00),0,2025-09-25,1610
Column,trade_date,less_than_or_equal_to(2025-09-19 00:00:00),0,2025-09-25,1609
Column,trade_date,less_than_or_equal_to(2025-09-19 00:00:00),0,2025-09-25,1608
Column,trade_date,less_than_or_equal_to(2025-09-19 00:00:00),0,2025-09-25,1607
Column,trade_date,less_than_or_equal_to(2025-09-19 00:00:00),0,2025-09-25,1606
Column,trade_date,less_than_or_equal_to(2025-09-19 00:00:00),0,2025-09-25,1605
Column,trade_date,less_than_or_equal_to(2025-09-19 00:00:00),0,2025-09-25,1604
Column,trade_date,less_than_or_equal_to(2025-09-19 00:00:00),0,2025-09-25,1603
Column,trade_date,less_than_or_equal_to(2025-09-19 00:00:00),0,2025-09-25,1602
Column,trade_date,less_than_or_equal_to(2025-09-19 00:00:00),0,2025-09-25,1601
Column,trade_date,less_than_or_equal_to(2025-09-19 00:00:00),0,2025-09-24,1600
Column,trade_date,less_than_or_equal_to(2025-09-19 00:00:00),0,2025-09-26,1625
Column,trade_date,less_than_or_equal_to(2025-09-19 00:00:00),0,2025-09-26,1626
Column,trade_date,less_than_or_equal_to(2025-09-19 00:00:00),0,2025-09-26,1627
Column,trade_date,less_than_or_equal_to(2025-09-19 00:00:00),0,2025-09-26,1641
Column,trade_date,less_than_or_equal_to(2025-09-19 00:00:00),0,2025-09-27,1652
Column,trade_date,less_than_or_equal_to(2025-09-19 00:00:00),0,2025-09-27,1651
Column,trade_date,less_than_or_equal_to(2025-09-19 00:00:00),0,2025-09-27,1650
Column,trade_date,less_than_or_equal_to(2025-09-19 00:00:00),0,2025-09-27,1649
Column,trade_date,less_than_or_equal_to(2025-09-19 00:00:00),0,2025-09-27,1648
Column,trade_date,less_than_or_equal_to(2025-09-19 00:00:00),0,2025-09-27,1647
Column,trade_date,less_than_or_equal_to(2025-09-19 00:00:00),0,2025-09-26,1646
Column,trade_date,less_than_or_equal_to(2025-09-19 00:00:00),0,2025-09-26,1645
Column,trade_date,less_than_or_equal_to(2025-09-19 00:00:00),0,2025-09-26,1644
Column,trade_date,less_than_or_equal_to(2025-09-19 00:00:00),0,2025-09-26,1643
Column,trade_date,less_than_or_equal_to(2025-09-19 00:00:00),0,2025-09-26,1642
Column,trade_date,less_than_or_equal_to(2025-09-19 00:00:00),0,2025-09-26,1640
Column,trade_date,less_than_or_equal_to(2025-09-19 00:00:00),0,2025-09-26,1628
Column,trade_date,less_than_or_equal_to(2025-09-19 00:00:00),0,2025-09-26,1639
Column,trade_date,less_than_or_equal_to(2025-09-19 00:00:00),0,2025-09-26,1638
Column,trade_date,less_than_or_equal_to(2025-09-19 00:00:00),0,2025-09-26,1637
Column,trade_date,less_than_or_equal_to(2025-09-19 00:00:00),0,2025-09-26,1636
Column,trade_date,less_than_or_equal_to(2025-09-19 00:00:00),0,2025-09-26,1635
Column,trade_date,less_than_or_equal_to(2025-09-19 00:00:00),0,2025-09-26,1634
Column,trade_date,less_than_or_equal_to(2025-09-19 00:00:00),0,2025-09-26,1633
Column,trade_date,less_than_or_equal_to(2025-09-19 00:00:00),0,2025-09-26,1632
Column,trade_date,less_than_or_equal_to(2025-09-19 00:00:00),0,2025-09-26,1631
Column,trade_date,less_than_or_equal_to(2025-09-19 00:00:00),0,2025-09-26,1630
Column,trade_date,less_than_or_equal_to(2025-09-19 00:00:00),0,2025-09-26,1629
Column,trade_date,less_than_or_equal_to(2025-09-19 00:00:00),0,2025-10-09,1938
